<?xml version="1.0" encoding="UTF-8"?><?xml-stylesheet type="text/css" href="idempiereDocument.css"?><idempiereDocument>
    <header>JPIERE-0469-05 Package Description</header>
    <H1>Package Name:</H1>
    <packagename>JPIERE-0469-05</packagename>
    <H1>Author:</H1>
    <Name:/>
    <H1>Email Address:</H1>
    <Email/>
    <H1>Created:</H1>
    <Date>2020-09-27 21:10:45.558</Date>
    <H1>Updated:</H1>
    <Date>2020-11-24 22:38:03.186</Date>
    <H1>Description:</H1>
    <description>Groupware - ToDo Management - User Config</description>
    <H1>Instructions:</H1>
    <instructions>JP_GroupwareUserテーブルのAD_User_IDカラムをブランクにする</instructions>
    <H1>Files in Package:</H1>
    <file>File: PackOut.xml</file>
    <filedirectory>Directory: \dict\</filedirectory>
    <filenotes>Notes: Contains all application/object settings for package</filenotes>
    <H1>Client:</H1>
    <Client>0-SYSTEM-System</Client>
</idempiereDocument>
