<?xml version="1.0" encoding="UTF-8"?><?xml-stylesheet type="text/css" href="idempiereDocument.css"?><idempiereDocument>
    <header>JPIERE-0474-02 Package Description</header>
    <H1>Package Name:</H1>
    <packagename>JPIERE-0474-02</packagename>
    <H1>Author:</H1>
    <Name:/>
    <H1>Email Address:</H1>
    <Email/>
    <H1>Created:</H1>
    <Date>2020-12-06 13:47:51.258</Date>
    <H1>Updated:</H1>
    <Date>2020-12-06 13:50:37.782</Date>
    <H1>Description:</H1>
    <description>Groupware - ToDo Management - Uncompleted Team ToDo Matrix Report</description>
    <H1>Instructions:</H1>
    <instructions>マトリクスウィンドウの仕様で、RV_JP_ToDo_Teamビューの「テーブルとカラム」に「テーブルインデックス」の設定が必要になる。
そのためJPIERE-0474-01.zipをパックインした後で、RV_JP_ToDo_Teamビューの「テーブルとカラム」の「テーブルインデックス」に下記の３つのキーを持つユニークインデックスを作成する。
・JP_ToDo_Team_ID
・JP_ToDo_Personal_User_ID
・JP_Todo_Team_User_ID</instructions>
    <H1>Files in Package:</H1>
    <file>File: PackOut.xml</file>
    <filedirectory>Directory: \dict\</filedirectory>
    <filenotes>Notes: Contains all application/object settings for package</filenotes>
    <H1>Client:</H1>
    <Client>0-SYSTEM-System</Client>
</idempiereDocument>
