<?xml version="1.0" encoding="UTF-8"?><?xml-stylesheet type="text/css" href="idempiereDocument.css"?><idempiereDocument>
    <header>JPIERE-0478 Package Description</header>
    <H1>Package Name:</H1>
    <packagename>JPIERE-0478</packagename>
    <H1>Author:</H1>
    <Name:/>
    <H1>Email Address:</H1>
    <Email/>
    <H1>Created:</H1>
    <Date>2020-10-03 21:03:01.351</Date>
    <H1>Updated:</H1>
    <Date>2020-11-23 23:07:24.002</Date>
    <H1>Description:</H1>
    <description>ToDo Info Window</description>
    <H1>Instructions:</H1>
    <instructions>検索ウィンドウのPersonal ToDo SearchのAD_User_IDカラムのリファレンスキーを空にする
検索ウィンドウのPersonal ToDo SearchのCreatedByカラムのリファレンスキーを空にする
検索ウィンドウのTeam ToDo SearchのAD_User_IDカラムのリファレンスキーを空にする
検索ウィンドウのTeam ToDo SearchのCreatedByカラムのリファレンスキーを空にする</instructions>
    <H1>Files in Package:</H1>
    <file>File: PackOut.xml</file>
    <filedirectory>Directory: \dict\</filedirectory>
    <filenotes>Notes: Contains all application/object settings for package</filenotes>
    <H1>Client:</H1>
    <Client>0-SYSTEM-System</Client>
</idempiereDocument>
