<?xml version="1.0" encoding="UTF-8"?><idempiere Name="JPIERE-0471" Version="1.0.0" idempiereVersion="" DataBaseVersion="" Description="Groupware - ToDo Management - ToDo Calendar" Author="" AuthorEmail="" CreatedDate="2020-08-12 23:35:27.514" UpdatedDate="2020-11-24 22:37:10.714" PackOutVersion="100" UpdateDictionary="false" Client="0-SYSTEM-System" AD_Client_UU="11237b53-9592-4af1-b3c5-afd216514b5d">
    <AD_EntityType type="table">
        <AD_Client_ID>0</AD_Client_ID>
        <AD_Org_ID>0</AD_Org_ID>
        <EntityType>JP</EntityType>
        <IsActive>Y</IsActive>
        <Name>JPiere</Name>
        <Description/>
        <Help/>
        <Version/>
        <ModelPackage/>
        <Classpath/>
        <Processing>N</Processing>
        <AD_EntityType_UU>4ac0fff6-1d78-4822-82cc-eea8167ad696</AD_EntityType_UU>
    </AD_EntityType>
    <AD_Menu type="table">
        <Parent_ID reference="uuid" reference-key="AD_Menu">7dcf69e8-4c9b-43ce-aa20-468bab854424</Parent_ID>
        <SeqNo>0</SeqNo>
        <AD_Client_ID>0</AD_Client_ID>
        <AD_Org_ID>0</AD_Org_ID>
        <Name>ToDo Calendar</Name>
        <Description>JPIERE-0471:JPPS</Description>
        <Action>X</Action>
        <AD_Window_ID reference="id"/>
        <AD_Workflow_ID reference="id"/>
        <AD_Task_ID reference="id"/>
        <IsActive>Y</IsActive>
        <IsSummary>N</IsSummary>
        <AD_Process_ID reference="id"/>
        <IsSOTrx>Y</IsSOTrx>
        <AD_Form_ID reference="uuid" reference-key="AD_Form">023de22e-b814-4271-8964-ceff5d5d2420</AD_Form_ID>
        <IsReadOnly>N</IsReadOnly>
        <EntityType>U</EntityType>
        <IsCentrallyMaintained>Y</IsCentrallyMaintained>
        <AD_Menu_UU>08305c2c-bea7-4c09-be6c-1e109a7b63f4</AD_Menu_UU>
        <AD_InfoWindow_ID reference="id"/>
        <AD_Menu_Trl type="translation">
            <Description/>
            <Name>ToDoカレンダー</Name>
            <AD_Language>ja_JP</AD_Language>
            <IsActive>Y</IsActive>
            <IsTranslated>N</IsTranslated>
        </AD_Menu_Trl>
        <AD_Form type="table">
            <AD_Client_ID>0</AD_Client_ID>
            <AD_Org_ID>0</AD_Org_ID>
            <IsActive>Y</IsActive>
            <Name>ToDo Calendar</Name>
            <Description>JPIERE-0471:JPPS</Description>
            <Help/>
            <Classname>jpiere.plugin.groupware.form.ToDoCalendar</Classname>
            <AccessLevel>7</AccessLevel>
            <EntityType>JP</EntityType>
            <IsBetaFunctionality>N</IsBetaFunctionality>
            <JSPURL/>
            <AD_Form_UU>023de22e-b814-4271-8964-ceff5d5d2420</AD_Form_UU>
            <AD_CtxHelp_ID reference="id"/>
            <AD_Form_Trl type="translation">
                <Description/>
                <Help/>
                <Name>ToDoカレンダー</Name>
                <AD_Language>ja_JP</AD_Language>
                <IsActive>Y</IsActive>
                <IsTranslated>N</IsTranslated>
            </AD_Form_Trl>
        </AD_Form>
    </AD_Menu>
    <AD_Message type="table">
        <AD_Client_ID>0</AD_Client_ID>
        <AD_Org_ID>0</AD_Org_ID>
        <MsgType>I</MsgType>
        <MsgText>Display Schedule</MsgText>
        <MsgTip/>
        <IsActive>Y</IsActive>
        <Value>JP_DisplaySchedule</Value>
        <EntityType>JP</EntityType>
        <AD_Message_UU>dbb04924-81f1-48c3-a489-3e16ac066c80</AD_Message_UU>
        <AD_Message_Trl type="translation">
            <MsgText>予定を表示する</MsgText>
            <MsgTip/>
            <AD_Language>ja_JP</AD_Language>
            <IsActive>Y</IsActive>
            <IsTranslated>N</IsTranslated>
        </AD_Message_Trl>
    </AD_Message>
    <AD_Message type="table">
        <AD_Client_ID>0</AD_Client_ID>
        <AD_Org_ID>0</AD_Org_ID>
        <MsgType>I</MsgType>
        <MsgText>Display Task</MsgText>
        <MsgTip/>
        <IsActive>Y</IsActive>
        <Value>JP_DisplayTask</Value>
        <EntityType>JP</EntityType>
        <AD_Message_UU>d565e374-7c92-4549-9daf-c00bdc87d3e1</AD_Message_UU>
        <AD_Message_Trl type="translation">
            <MsgText>タスクを表示する</MsgText>
            <MsgTip/>
            <AD_Language>ja_JP</AD_Language>
            <IsActive>Y</IsActive>
            <IsTranslated>N</IsTranslated>
        </AD_Message_Trl>
    </AD_Message>
    <AD_Message type="table">
        <AD_Client_ID>0</AD_Client_ID>
        <AD_Org_ID>0</AD_Org_ID>
        <MsgType>I</MsgType>
        <MsgText>Display Period</MsgText>
        <MsgTip/>
        <IsActive>Y</IsActive>
        <Value>JP_DisplayPeriod</Value>
        <EntityType>JP</EntityType>
        <AD_Message_UU>5c074545-fd7a-4dd4-a44e-49c6d2f06620</AD_Message_UU>
        <AD_Message_Trl type="translation">
            <MsgText>表示期間</MsgText>
            <MsgTip/>
            <AD_Language>ja_JP</AD_Language>
            <IsActive>Y</IsActive>
            <IsTranslated>N</IsTranslated>
        </AD_Message_Trl>
    </AD_Message>
    <AD_Message type="table">
        <AD_Client_ID>0</AD_Client_ID>
        <AD_Org_ID>0</AD_Org_ID>
        <MsgType>I</MsgType>
        <MsgText>hours.</MsgText>
        <MsgTip/>
        <IsActive>Y</IsActive>
        <Value>JP_Hours</Value>
        <EntityType>JP</EntityType>
        <AD_Message_UU>bae4942c-626e-412a-91a8-22313cbb8590</AD_Message_UU>
        <AD_Message_Trl type="translation">
            <MsgText>時間</MsgText>
            <MsgTip/>
            <AD_Language>ja_JP</AD_Language>
            <IsActive>Y</IsActive>
            <IsTranslated>N</IsTranslated>
        </AD_Message_Trl>
    </AD_Message>
    <AD_Message type="table">
        <AD_Client_ID>0</AD_Client_ID>
        <AD_Org_ID>0</AD_Org_ID>
        <MsgType>I</MsgType>
        <MsgText>mins.</MsgText>
        <MsgTip/>
        <IsActive>Y</IsActive>
        <Value>JP_Mins</Value>
        <EntityType>JP</EntityType>
        <AD_Message_UU>4474d23d-dc5d-4f1d-9b72-0a0537e3de26</AD_Message_UU>
        <AD_Message_Trl type="translation">
            <MsgText>分</MsgText>
            <MsgTip/>
            <AD_Language>ja_JP</AD_Language>
            <IsActive>Y</IsActive>
            <IsTranslated>N</IsTranslated>
        </AD_Message_Trl>
    </AD_Message>
    <AD_Message type="table">
        <AD_Client_ID>0</AD_Client_ID>
        <AD_Org_ID>0</AD_Org_ID>
        <MsgType>I</MsgType>
        <MsgText>There are some ToDo that have been created repeatedly.</MsgText>
        <MsgTip/>
        <IsActive>Y</IsActive>
        <Value>JP_ToDo_Update_CreatedRepeatedly1</Value>
        <EntityType>JP</EntityType>
        <AD_Message_UU>24cb6274-0ba7-4a6c-a6d3-81e93ba09b88</AD_Message_UU>
        <AD_Message_Trl type="translation">
            <MsgText>繰り返し作成されているToDoがあります。</MsgText>
            <MsgTip/>
            <AD_Language>ja_JP</AD_Language>
            <IsActive>Y</IsActive>
            <IsTranslated>N</IsTranslated>
        </AD_Message_Trl>
    </AD_Message>
    <AD_Message type="table">
        <AD_Client_ID>0</AD_Client_ID>
        <AD_Org_ID>0</AD_Org_ID>
        <MsgType>I</MsgType>
        <MsgText>Do you want to update those ToDo after this one?</MsgText>
        <MsgTip/>
        <IsActive>Y</IsActive>
        <Value>JP_ToDo_Update_CreatedRepeatedly2</Value>
        <EntityType>JP</EntityType>
        <AD_Message_UU>a62c1a33-80ec-4d68-bddd-aa67eb80dcb2</AD_Message_UU>
        <AD_Message_Trl type="translation">
            <MsgText>これ以降のToDoも更新しますか？</MsgText>
            <MsgTip/>
            <AD_Language>ja_JP</AD_Language>
            <IsActive>Y</IsActive>
            <IsTranslated>N</IsTranslated>
        </AD_Message_Trl>
    </AD_Message>
    <AD_Message type="table">
        <AD_Client_ID>0</AD_Client_ID>
        <AD_Org_ID>0</AD_Org_ID>
        <MsgType>I</MsgType>
        <MsgText>Do you want to Delete those ToDo after this one?</MsgText>
        <MsgTip/>
        <IsActive>Y</IsActive>
        <Value>JP_ToDo_Delete_CreatedRepeatedly2</Value>
        <EntityType>JP</EntityType>
        <AD_Message_UU>8ceeb20d-6b83-4213-bdaa-ad413b1a2d2b</AD_Message_UU>
        <AD_Message_Trl type="translation">
            <MsgText>これ以降のToDoも削除しますか？</MsgText>
            <MsgTip/>
            <AD_Language>ja_JP</AD_Language>
            <IsActive>Y</IsActive>
            <IsTranslated>N</IsTranslated>
        </AD_Message_Trl>
    </AD_Message>
    <AD_Message type="table">
        <AD_Client_ID>0</AD_Client_ID>
        <AD_Org_ID>0</AD_Org_ID>
        <MsgType>I</MsgType>
        <MsgText>Current ToDo was changed by another user, so refreshed.</MsgText>
        <MsgTip/>
        <IsActive>Y</IsActive>
        <Value>JP_ToDo_CurrentToDoModified</Value>
        <EntityType>JP</EntityType>
        <AD_Message_UU>04777cc5-d702-45e3-a474-0b30e52dd5e0</AD_Message_UU>
        <AD_Message_Trl type="translation">
            <MsgText>このToDoは他のユーザーによって更新されていたので保存できませんでした。そのためToDoを最新の状態にしました。</MsgText>
            <MsgTip/>
            <AD_Language>ja_JP</AD_Language>
            <IsActive>Y</IsActive>
            <IsTranslated>N</IsTranslated>
        </AD_Message_Trl>
    </AD_Message>
    <AD_Message type="table">
        <AD_Client_ID>0</AD_Client_ID>
        <AD_Org_ID>0</AD_Org_ID>
        <MsgType>I</MsgType>
        <MsgText>Personal ToDo list that was created from this Team ToDo</MsgText>
        <MsgTip/>
        <IsActive>Y</IsActive>
        <Value>JP_ToDo_PersonalToDoList</Value>
        <EntityType>JP</EntityType>
        <AD_Message_UU>0c80bab1-8972-4933-a0aa-d9ea6645a8a2</AD_Message_UU>
        <AD_Message_Trl type="translation">
            <MsgText>チームToDoから作成した個人ToDo一覧</MsgText>
            <MsgTip/>
            <AD_Language>ja_JP</AD_Language>
            <IsActive>Y</IsActive>
            <IsTranslated>N</IsTranslated>
        </AD_Message_Trl>
    </AD_Message>
    <AD_Message type="table">
        <AD_Client_ID>0</AD_Client_ID>
        <AD_Org_ID>0</AD_Org_ID>
        <MsgType>I</MsgType>
        <MsgText>Please save changes before Process.</MsgText>
        <MsgTip/>
        <IsActive>Y</IsActive>
        <Value>JP_SaveBeforeProcess</Value>
        <EntityType>JP</EntityType>
        <AD_Message_UU>0e6c6208-3250-4f38-af5e-c2c682ec3467</AD_Message_UU>
        <AD_Message_Trl type="translation">
            <MsgText>プロセスの実行前に変更を保存して下さい。</MsgText>
            <MsgTip/>
            <AD_Language>ja_JP</AD_Language>
            <IsActive>Y</IsActive>
            <IsTranslated>N</IsTranslated>
        </AD_Message_Trl>
    </AD_Message>
    <AD_Message type="table">
        <AD_Client_ID>0</AD_Client_ID>
        <AD_Org_ID>0</AD_Org_ID>
        <MsgType>I</MsgType>
        <MsgText>Please save changes before edit ToDo Reminder.</MsgText>
        <MsgTip/>
        <IsActive>Y</IsActive>
        <Value>JP_SaveBeforeEditToDoReminder</Value>
        <EntityType>JP</EntityType>
        <AD_Message_UU>9efaad2c-3c32-4346-be57-5c73ae18c013</AD_Message_UU>
        <AD_Message_Trl type="translation">
            <MsgText>ToDoリマインダーを編集する前に変更を保存して下さい。</MsgText>
            <MsgTip/>
            <AD_Language>ja_JP</AD_Language>
            <IsActive>Y</IsActive>
            <IsTranslated>N</IsTranslated>
        </AD_Message_Trl>
    </AD_Message>
    <AD_Message type="table">
        <AD_Client_ID>0</AD_Client_ID>
        <AD_Org_ID>0</AD_Org_ID>
        <MsgType>I</MsgType>
        <MsgText>Zoom to Personal ToDo Reminder</MsgText>
        <MsgTip/>
        <IsActive>Y</IsActive>
        <Value>JP_Zoom_To_PersonalToDoReminder</Value>
        <EntityType>JP</EntityType>
        <AD_Message_UU>cae2b75f-1757-4996-a1a6-b329b915a637</AD_Message_UU>
        <AD_Message_Trl type="translation">
            <MsgText>個人ToDoリマインダーへズーム</MsgText>
            <MsgTip/>
            <AD_Language>ja_JP</AD_Language>
            <IsActive>Y</IsActive>
            <IsTranslated>N</IsTranslated>
        </AD_Message_Trl>
    </AD_Message>
    <AD_Message type="table">
        <AD_Client_ID>0</AD_Client_ID>
        <AD_Org_ID>0</AD_Org_ID>
        <MsgType>I</MsgType>
        <MsgText>Zoom to Team ToDo Reminder</MsgText>
        <MsgTip/>
        <IsActive>Y</IsActive>
        <Value>JP_Zoom_To_TeamToDoReminder</Value>
        <EntityType>JP</EntityType>
        <AD_Message_UU>195e5305-6fc7-4170-bb79-8e5652936abb</AD_Message_UU>
        <AD_Message_Trl type="translation">
            <MsgText>チームToDoリマインダーへズーム</MsgText>
            <MsgTip/>
            <AD_Language>ja_JP</AD_Language>
            <IsActive>Y</IsActive>
            <IsTranslated>N</IsTranslated>
        </AD_Message_Trl>
    </AD_Message>
    <AD_Message type="table">
        <AD_Client_ID>0</AD_Client_ID>
        <AD_Org_ID>0</AD_Org_ID>
        <MsgType>I</MsgType>
        <MsgText>Reminders are set for ToDo.</MsgText>
        <MsgTip/>
        <IsActive>Y</IsActive>
        <Value>JP_ToDoReminders</Value>
        <EntityType>JP</EntityType>
        <AD_Message_UU>ec0207c7-6283-4dc6-8bdd-c067f05bdca9</AD_Message_UU>
        <AD_Message_Trl type="translation">
            <MsgText>ToDoにリマインダーが設定されています。</MsgText>
            <MsgTip/>
            <AD_Language>ja_JP</AD_Language>
            <IsActive>Y</IsActive>
            <IsTranslated>N</IsTranslated>
        </AD_Message_Trl>
    </AD_Message>
    <AD_Message type="table">
        <AD_Client_ID>0</AD_Client_ID>
        <AD_Org_ID>0</AD_Org_ID>
        <MsgType>I</MsgType>
        <MsgText>Would you like to adjust the time for unsent reminders?</MsgText>
        <MsgTip/>
        <IsActive>Y</IsActive>
        <Value>JP_AdjustToDoReminders</Value>
        <EntityType>JP</EntityType>
        <AD_Message_UU>de339ada-e03c-418e-90f1-5e11b6599bf7</AD_Message_UU>
        <AD_Message_Trl type="translation">
            <MsgText>未送信のリマインダーの時間を調整しますか？</MsgText>
            <MsgTip/>
            <AD_Language>ja_JP</AD_Language>
            <IsActive>Y</IsActive>
            <IsTranslated>N</IsTranslated>
        </AD_Message_Trl>
    </AD_Message>
    <AD_Message type="table">
        <AD_Client_ID>0</AD_Client_ID>
        <AD_Org_ID>0</AD_Org_ID>
        <MsgType>I</MsgType>
        <MsgText>Create Personal ToDo Reminder</MsgText>
        <MsgTip/>
        <IsActive>Y</IsActive>
        <Value>JP_CreatePersonalToDoReminder</Value>
        <EntityType>JP</EntityType>
        <AD_Message_UU>5cfa57b5-0be6-4d28-a119-a33eec3d01f5</AD_Message_UU>
        <AD_Message_Trl type="translation">
            <MsgText>個人ToDoリマインダーを作成しました。</MsgText>
            <MsgTip/>
            <AD_Language>ja_JP</AD_Language>
            <IsActive>Y</IsActive>
            <IsTranslated>N</IsTranslated>
        </AD_Message_Trl>
    </AD_Message>
    <AD_Message type="table">
        <AD_Client_ID>0</AD_Client_ID>
        <AD_Org_ID>0</AD_Org_ID>
        <MsgType>I</MsgType>
        <MsgText>Personal ToDo have not been created.</MsgText>
        <MsgTip/>
        <IsActive>Y</IsActive>
        <Value>JP_PersonalToDoNotCreated</Value>
        <EntityType>JP</EntityType>
        <AD_Message_UU>4086c506-f992-417a-b52f-f58cf65cb0bc</AD_Message_UU>
        <AD_Message_Trl type="translation">
            <MsgText>個人ToDoが作成されていません。</MsgText>
            <MsgTip/>
            <AD_Language>ja_JP</AD_Language>
            <IsActive>Y</IsActive>
            <IsTranslated>N</IsTranslated>
        </AD_Message_Trl>
    </AD_Message>
    <AD_Message type="table">
        <AD_Client_ID>0</AD_Client_ID>
        <AD_Org_ID>0</AD_Org_ID>
        <MsgType>I</MsgType>
        <MsgText>Sent</MsgText>
        <MsgTip/>
        <IsActive>Y</IsActive>
        <Value>JP_Sent</Value>
        <EntityType>JP</EntityType>
        <AD_Message_UU>5c3657d0-0fbc-416f-a2fe-25d033f3160b</AD_Message_UU>
        <AD_Message_Trl type="translation">
            <MsgText>送信済み</MsgText>
            <MsgTip/>
            <AD_Language>ja_JP</AD_Language>
            <IsActive>Y</IsActive>
            <IsTranslated>N</IsTranslated>
        </AD_Message_Trl>
    </AD_Message>
</idempiere>
