<?xml version="1.0" encoding="UTF-8"?><idempiere Name="JPIERE-0477" Version="1.0.0" idempiereVersion="" DataBaseVersion="" Description="Groupware - ToDo Management - Daily ToDo List" Author="" AuthorEmail="" CreatedDate="2020-09-20 14:44:08.42" UpdatedDate="2020-11-24 22:36:56.818" PackOutVersion="100" UpdateDictionary="false" Client="0-SYSTEM-System" AD_Client_UU="11237b53-9592-4af1-b3c5-afd216514b5d">
    <AD_Menu type="table">
        <Parent_ID reference="uuid" reference-key="AD_Menu">7dcf69e8-4c9b-43ce-aa20-468bab854424</Parent_ID>
        <SeqNo>1</SeqNo>
        <AD_Client_ID>0</AD_Client_ID>
        <AD_Org_ID>0</AD_Org_ID>
        <Name>ToDo Daily List</Name>
        <Description>JPIERE-0477:JPPS</Description>
        <Action>X</Action>
        <AD_Window_ID reference="id"/>
        <AD_Workflow_ID reference="id"/>
        <AD_Task_ID reference="id"/>
        <IsActive>Y</IsActive>
        <IsSummary>N</IsSummary>
        <AD_Process_ID reference="id"/>
        <IsSOTrx>Y</IsSOTrx>
        <AD_Form_ID reference="uuid" reference-key="AD_Form">951384d4-e452-492d-a1cc-477c551b6294</AD_Form_ID>
        <IsReadOnly>N</IsReadOnly>
        <EntityType>JP</EntityType>
        <IsCentrallyMaintained>Y</IsCentrallyMaintained>
        <AD_Menu_UU>4b34f025-451a-4cd1-a9b4-e3e6eea70ba7</AD_Menu_UU>
        <AD_InfoWindow_ID reference="id"/>
        <AD_Menu_Trl type="translation">
            <Description>JPIERE-0477:JPPS</Description>
            <Name>日別ToDoリスト</Name>
            <AD_Language>ja_JP</AD_Language>
            <IsActive>Y</IsActive>
            <IsTranslated>N</IsTranslated>
        </AD_Menu_Trl>
        <AD_Form type="table">
            <AD_Client_ID>0</AD_Client_ID>
            <AD_Org_ID>0</AD_Org_ID>
            <IsActive>Y</IsActive>
            <Name>ToDo Daily List</Name>
            <Description>JPIERE-0477:JPPS</Description>
            <Help/>
            <Classname>jpiere.plugin.groupware.form.ToDoDailyList</Classname>
            <AccessLevel>7</AccessLevel>
            <EntityType>JP</EntityType>
            <IsBetaFunctionality>N</IsBetaFunctionality>
            <JSPURL/>
            <AD_Form_UU>951384d4-e452-492d-a1cc-477c551b6294</AD_Form_UU>
            <AD_CtxHelp_ID reference="id"/>
            <AD_Form_Trl type="translation">
                <Description>JPIERE-0477:JPPS</Description>
                <Help/>
                <Name>日別ToDoリスト</Name>
                <AD_Language>ja_JP</AD_Language>
                <IsActive>Y</IsActive>
                <IsTranslated>N</IsTranslated>
            </AD_Form_Trl>
        </AD_Form>
    </AD_Menu>
    <AD_Message type="table">
        <AD_Client_ID>0</AD_Client_ID>
        <AD_Org_ID>0</AD_Org_ID>
        <MsgType>I</MsgType>
        <MsgText>Days</MsgText>
        <MsgTip/>
        <IsActive>Y</IsActive>
        <Value>JP_Days</Value>
        <EntityType>JP</EntityType>
        <AD_Message_UU>891414b4-a07b-4990-a086-2a7fd6957c47</AD_Message_UU>
        <AD_Message_Trl type="translation">
            <MsgText>日間</MsgText>
            <MsgTip/>
            <AD_Language>ja_JP</AD_Language>
            <IsActive>Y</IsActive>
            <IsTranslated>N</IsTranslated>
        </AD_Message_Trl>
    </AD_Message>
</idempiere>
