<?xml version="1.0" encoding="UTF-8"?><?xml-stylesheet type="text/css" href="idempiereDocument.css"?><idempiereDocument>
    <header>JPIERE-0469-02 Package Description</header>
    <H1>Package Name:</H1>
    <packagename>JPIERE-0469-02</packagename>
    <H1>Author:</H1>
    <Name:/>
    <H1>Email Address:</H1>
    <Email/>
    <H1>Created:</H1>
    <Date>2020-09-27 21:08:09.437</Date>
    <H1>Updated:</H1>
    <Date>2020-11-23 21:16:34.493</Date>
    <H1>Description:</H1>
    <description>Groupware - ToDo Management - Team</description>
    <H1>Instructions:</H1>
    <instructions>JP_TeamテーブルのAD_User_IDカラムのリファレンスキーを空欄にする。
JP_Team_MemberのAD_User_IDカラムのリファレンスキーを空欄にする。</instructions>
    <H1>Files in Package:</H1>
    <file>File: PackOut.xml</file>
    <filedirectory>Directory: \dict\</filedirectory>
    <filenotes>Notes: Contains all application/object settings for package</filenotes>
    <H1>Client:</H1>
    <Client>0-SYSTEM-System</Client>
</idempiereDocument>
