<?xml version="1.0" encoding="UTF-8"?><?xml-stylesheet type="text/css" href="idempiereDocument.css"?><idempiereDocument>
    <header>JPIERE-0474-01 Package Description</header>
    <H1>Package Name:</H1>
    <packagename>JPIERE-0474-01</packagename>
    <H1>Author:</H1>
    <Name:/>
    <H1>Email Address:</H1>
    <Email/>
    <H1>Created:</H1>
    <Date>2020-10-03 21:06:23.128</Date>
    <H1>Updated:</H1>
    <Date>2020-12-06 13:51:42.458</Date>
    <H1>Description:</H1>
    <description>Groupware - ToDo Management - Uncompleted Team ToDo Matrix Report</description>
    <H1>Instructions:</H1>
    <instructions>マトリクスウィンドウの仕様で、RV_JP_ToDo_Teamビューの「テーブルとカラム」に「テーブルインデックス」の設定が必要になる。
しかし、本来ビューにはインデックスは貼らないので、パックインする時にエラーになる。
そのためパックアウトする問いには、いったんRV_JP_ToDo_Teamビューの「テーブルとカラム」の「テーブルインデックス」に設定されているインデックス「RV_JP_ToDo_Team_MatrixWindow」を削除し、パックイン後に手で追加する必要がある。
・JP_ToDo_Team_ID
・JP_ToDo_Personal_User_ID
・JP_Todo_Team_User_ID
このユニークインデックスを追加した後で、JPIERE-0474-01.zipをパックインすること。</instructions>
    <H1>Files in Package:</H1>
    <file>File: PackOut.xml</file>
    <filedirectory>Directory: \dict\</filedirectory>
    <filenotes>Notes: Contains all application/object settings for package</filenotes>
    <H1>Client:</H1>
    <Client>0-SYSTEM-System</Client>
</idempiereDocument>
