<?xml version="1.0" encoding="UTF-8"?><?xml-stylesheet type="text/css" href="idempiereDocument.css"?><idempiereDocument>
    <header>JPIERE-0469-03 Package Description</header>
    <H1>Package Name:</H1>
    <packagename>JPIERE-0469-03</packagename>
    <H1>Author:</H1>
    <Name:/>
    <H1>Email Address:</H1>
    <Email/>
    <H1>Created:</H1>
    <Date>2020-09-27 21:08:55.218</Date>
    <H1>Updated:</H1>
    <Date>2020-11-23 22:45:24.282</Date>
    <H1>Description:</H1>
    <description>Groupware - ToDo Management - Team ToDo</description>
    <H1>Instructions:</H1>
    <instructions>JP_ToDo_TeamテーブルのAD_User_IDのリファレンスキーを空欄にする。
JP_ToDo_Member_AdditionalテーブルのAD_User_IDのリファレンスキーを空欄にする。
チームToDoウィンドウのシーケンスNo40「Personal ToDo Reminder」のタブを削除
チームToDoウィンドウのシーケンスNo50「Personal ToDo」のタブを削除</instructions>
    <H1>Files in Package:</H1>
    <file>File: PackOut.xml</file>
    <filedirectory>Directory: \dict\</filedirectory>
    <filenotes>Notes: Contains all application/object settings for package</filenotes>
    <H1>Client:</H1>
    <Client>0-SYSTEM-System</Client>
</idempiereDocument>
