<?xml version="1.0" encoding="UTF-8"?><?xml-stylesheet type="text/css" href="idempiereDocument.css"?><idempiereDocument>
    <header>JPIERE-0469-00 Package Description</header>
    <H1>Package Name:</H1>
    <packagename>JPIERE-0469-00</packagename>
    <H1>Author:</H1>
    <Name:/>
    <H1>Email Address:</H1>
    <Email/>
    <H1>Created:</H1>
    <Date>2020-08-04 21:05:13.012</Date>
    <H1>Updated:</H1>
    <Date>2020-11-24 22:37:50.53</Date>
    <H1>Description:</H1>
    <description>Groupware - ToDo Management - ToDo Management</description>
    <H1>Instructions:</H1>
    <instructions>◆明細番号110 : JP_ToDo_Create_ToDo_From_TeamToDo_チームToDoから個人ToDoを作成プロセスの、プロセスパラメーターJP_ToDo_Member_Additional_IDに設定されているリファレンスキーJP AD_User(ユーザー)をAD_userに置き換えてからパックアウトする。
そしてiDempiere6.2に対応させるためには、プロセスパラメーターJP_ToDo_Member_Additional_ID自体を削除する。
◆リファレンスのJP AD_User - SalesRepの検索ウィンドウ設定を空欄にする。</instructions>
    <H1>Files in Package:</H1>
    <file>File: PackOut.xml</file>
    <filedirectory>Directory: \dict\</filedirectory>
    <filenotes>Notes: Contains all application/object settings for package</filenotes>
    <H1>Client:</H1>
    <Client>0-SYSTEM-System</Client>
</idempiereDocument>
