<?xml version="1.0" encoding="UTF-8"?><idempiere Name="JPIERE-0470" Version="1.0.0" idempiereVersion="" DataBaseVersion="" Description="Personal ToDo Gadget" Author="" AuthorEmail="" CreatedDate="2020-08-10 11:24:11.869" UpdatedDate="2020-11-23 21:18:33.043" PackOutVersion="100" UpdateDictionary="false" Client="0-SYSTEM-System" AD_Client_UU="11237b53-9592-4af1-b3c5-afd216514b5d">
    <AD_EntityType type="table">
        <AD_Client_ID>0</AD_Client_ID>
        <AD_Org_ID>0</AD_Org_ID>
        <EntityType>JP</EntityType>
        <IsActive>Y</IsActive>
        <Name>JPiere</Name>
        <Description/>
        <Help/>
        <Version/>
        <ModelPackage/>
        <Classpath/>
        <Processing>N</Processing>
        <AD_EntityType_UU>4ac0fff6-1d78-4822-82cc-eea8167ad696</AD_EntityType_UU>
    </AD_EntityType>
    <PA_DashboardContent type="table">
        <AD_Client_ID>0</AD_Client_ID>
        <AD_Org_ID>0</AD_Org_ID>
        <Name>ToDo</Name>
        <AD_Window_ID reference="id"/>
        <Description/>
        <HTML/>
        <IsActive>Y</IsActive>
        <Line>0</Line>
        <PA_Goal_ID reference="id"/>
        <ColumnNo>1</ColumnNo>
        <ZulFilePath>JP_Groupware=ToDoGadget</ZulFilePath>
        <IsCollapsible>Y</IsCollapsible>
        <GoalDisplay>T</GoalDisplay>
        <PA_DashboardContent_UU>441cb876-34f3-4c80-af85-37355176155e</PA_DashboardContent_UU>
        <IsShowInDashboard>Y</IsShowInDashboard>
        <AD_Process_ID reference="id"/>
        <IsEmbedReportContent>N</IsEmbedReportContent>
        <ProcessParameters/>
        <IsCollapsedByDefault>N</IsCollapsedByDefault>
        <AD_User_ID reference="id">0</AD_User_ID>
        <AD_Role_ID reference="id">0</AD_Role_ID>
        <IsShowinLogin>Y</IsShowinLogin>
        <AD_Chart_ID reference="id"/>
        <PA_DashboardContent_Trl type="translation">
            <Description/>
            <HTML/>
            <Name>ToDo</Name>
            <AD_Language>ja_JP</AD_Language>
            <IsActive>Y</IsActive>
            <IsTranslated>N</IsTranslated>
        </PA_DashboardContent_Trl>
    </PA_DashboardContent>
    <AD_Message type="table">
        <AD_Client_ID>0</AD_Client_ID>
        <AD_Org_ID>0</AD_Org_ID>
        <MsgType>I</MsgType>
        <MsgText>Unfinished Tasks</MsgText>
        <MsgTip/>
        <IsActive>Y</IsActive>
        <Value>JP_UnfinishedTasks</Value>
        <EntityType>JP</EntityType>
        <AD_Message_UU>2f19f1fb-a7fb-450b-91b2-298d100ef25a</AD_Message_UU>
        <AD_Message_Trl type="translation">
            <MsgText>完了していないタスク</MsgText>
            <MsgTip/>
            <AD_Language>ja_JP</AD_Language>
            <IsActive>Y</IsActive>
            <IsTranslated>N</IsTranslated>
        </AD_Message_Trl>
    </AD_Message>
    <AD_Message type="table">
        <AD_Client_ID>0</AD_Client_ID>
        <AD_Org_ID>0</AD_Org_ID>
        <MsgType>I</MsgType>
        <MsgText>Unfinished Memo</MsgText>
        <MsgTip/>
        <IsActive>Y</IsActive>
        <Value>JP_UnfinishedMemo</Value>
        <EntityType>JP</EntityType>
        <AD_Message_UU>85842d39-e1ca-413e-b664-ad57d85c72f5</AD_Message_UU>
        <AD_Message_Trl type="translation">
            <MsgText>完了していないメモ</MsgText>
            <MsgTip/>
            <AD_Language>ja_JP</AD_Language>
            <IsActive>Y</IsActive>
            <IsTranslated>N</IsTranslated>
        </AD_Message_Trl>
    </AD_Message>
    <AD_Message type="table">
        <AD_Client_ID>0</AD_Client_ID>
        <AD_Org_ID>0</AD_Org_ID>
        <MsgType>I</MsgType>
        <MsgText>Scheduled for {0}</MsgText>
        <MsgTip/>
        <IsActive>Y</IsActive>
        <Value>JP_ScheduledFor</Value>
        <EntityType>U</EntityType>
        <AD_Message_UU>61fc4a38-854f-4a63-9594-c5e6167bd59f</AD_Message_UU>
        <AD_Message_Trl type="translation">
            <MsgText>{0}の予定</MsgText>
            <MsgTip/>
            <AD_Language>ja_JP</AD_Language>
            <IsActive>Y</IsActive>
            <IsTranslated>N</IsTranslated>
        </AD_Message_Trl>
    </AD_Message>
    <AD_Message type="table">
        <AD_Client_ID>0</AD_Client_ID>
        <AD_Org_ID>0</AD_Org_ID>
        <MsgType>E</MsgType>
        <MsgText>Unexpected Error</MsgText>
        <MsgTip/>
        <IsActive>Y</IsActive>
        <Value>JP_UnexpectedError</Value>
        <EntityType>JP</EntityType>
        <AD_Message_UU>8dcee83b-2213-42c3-8dbe-29e34d3d6f0b</AD_Message_UU>
        <AD_Message_Trl type="translation">
            <MsgText>予期せぬエラー</MsgText>
            <MsgTip/>
            <AD_Language>ja_JP</AD_Language>
            <IsActive>Y</IsActive>
            <IsTranslated>N</IsTranslated>
        </AD_Message_Trl>
    </AD_Message>
    <AD_Message type="table">
        <AD_Client_ID>0</AD_Client_ID>
        <AD_Org_ID>0</AD_Org_ID>
        <MsgType>I</MsgType>
        <MsgText>Display Period</MsgText>
        <MsgTip/>
        <IsActive>Y</IsActive>
        <Value>JP_DisplayPeriod</Value>
        <EntityType>JP</EntityType>
        <AD_Message_UU>5c074545-fd7a-4dd4-a44e-49c6d2f06620</AD_Message_UU>
        <AD_Message_Trl type="translation">
            <MsgText>表示期間</MsgText>
            <MsgTip/>
            <AD_Language>ja_JP</AD_Language>
            <IsActive>Y</IsActive>
            <IsTranslated>N</IsTranslated>
        </AD_Message_Trl>
    </AD_Message>
    <AD_Message type="table">
        <AD_Client_ID>0</AD_Client_ID>
        <AD_Org_ID>0</AD_Org_ID>
        <MsgType>I</MsgType>
        <MsgText>Days</MsgText>
        <MsgTip/>
        <IsActive>Y</IsActive>
        <Value>JP_Days</Value>
        <EntityType>JP</EntityType>
        <AD_Message_UU>891414b4-a07b-4990-a086-2a7fd6957c47</AD_Message_UU>
        <AD_Message_Trl type="translation">
            <MsgText>日間</MsgText>
            <MsgTip/>
            <AD_Language>ja_JP</AD_Language>
            <IsActive>Y</IsActive>
            <IsTranslated>N</IsTranslated>
        </AD_Message_Trl>
    </AD_Message>
</idempiere>
