<?xml version="1.0" encoding="UTF-8"?><idempiere Name="JPIERE-0474" Version="1.0.0" idempiereVersion="" DataBaseVersion="" Description="Groupware - ToDo Management - Uncompleted Team ToDo Matrix Report" Author="" AuthorEmail="" CreatedDate="2020-10-03 21:06:23.128" UpdatedDate="2020-11-24 22:36:33.894" PackOutVersion="100" UpdateDictionary="false" Client="0-SYSTEM-System" AD_Client_UU="11237b53-9592-4af1-b3c5-afd216514b5d">
    <JP_MatrixWindow type="table">
        <AD_Client_ID>0</AD_Client_ID>
        <AD_Org_ID>0</AD_Org_ID>
        <JP_MatrixWindow_UU>2c566728-c7d0-4e1c-adaa-3212b41826f7</JP_MatrixWindow_UU>
        <IsActive>Y</IsActive>
        <Value>1000005</Value>
        <Name>Uncompleted Team ToDo Matrix Report</Name>
        <Description>JPIERE-474:JPPS</Description>
        <AD_Window_ID reference="uuid" reference-key="AD_Window">4c2a2c26-443c-4b22-908e-2a682d1e957e</AD_Window_ID>
        <AD_Tab_ID reference="uuid" reference-key="AD_Tab">fe9f25d3-1c74-4922-8e01-cbc45b0168e4</AD_Tab_ID>
        <JP_MatrixColumnKey_ID reference="uuid" reference-key="AD_Field">2dd182fb-6602-443b-a885-d52d8246a9df</JP_MatrixColumnKey_ID>
        <JP_MatrixRowKey_ID reference="uuid" reference-key="AD_Field">fe6423a3-50b8-4bb3-af2f-b495a1bd3b21</JP_MatrixRowKey_ID>
        <FieldLength>120</FieldLength>
        <JP_QuickEntryWindow_ID reference="id"/>
        <JP_PageSize>20</JP_PageSize>
        <JP_QuickEntryConf/>
        <WhereClause>RV_JP_ToDo_Team.JP_ToDo_Team_Status &lt;&gt; 'CO' AND (RV_JP_ToDo_Team.IsOpenToDoJP='Y' OR RV_JP_ToDo_Team.CreatedBy = @#AD_User_ID@ OR RV_JP_ToDo_Team.JP_ToDo_Team_User_ID = @#AD_User_ID@ )</WhereClause>
        <JP_JoinClause/>
        <JP_MatrixField type="table">
            <AD_Client_ID>0</AD_Client_ID>
            <AD_Org_ID>0</AD_Org_ID>
            <JP_MatrixField_UU>ae88379b-17f2-4385-82e4-bb67b2148b01</JP_MatrixField_UU>
            <IsActive>Y</IsActive>
            <JP_MatrixWindow_ID reference="uuid" reference-key="JP_MatrixWindow">2c566728-c7d0-4e1c-adaa-3212b41826f7</JP_MatrixWindow_ID>
            <AD_Field_ID reference="uuid" reference-key="AD_Field">591df097-2c0d-4541-8738-fc40f1b93bc1</AD_Field_ID>
            <SeqNo>10</SeqNo>
            <Description/>
            <FieldLength>100</FieldLength>
            <IsSummarized>N</IsSummarized>
        </JP_MatrixField>
        <JP_MatrixField type="table">
            <AD_Client_ID>0</AD_Client_ID>
            <AD_Org_ID>0</AD_Org_ID>
            <JP_MatrixField_UU>a690b977-bc80-469c-8b65-542eb3096ea6</JP_MatrixField_UU>
            <IsActive>Y</IsActive>
            <JP_MatrixWindow_ID reference="uuid" reference-key="JP_MatrixWindow">2c566728-c7d0-4e1c-adaa-3212b41826f7</JP_MatrixWindow_ID>
            <AD_Field_ID reference="uuid" reference-key="AD_Field">45f67810-4fd0-4bba-8f1f-38d0c1341d39</AD_Field_ID>
            <SeqNo>20</SeqNo>
            <Description/>
            <FieldLength>200</FieldLength>
            <IsSummarized>N</IsSummarized>
        </JP_MatrixField>
        <JP_MatrixSearch type="table">
            <AD_Client_ID>0</AD_Client_ID>
            <AD_Org_ID>0</AD_Org_ID>
            <JP_MatrixSearch_UU>10656af8-e634-4087-84b6-351d3e988b44</JP_MatrixSearch_UU>
            <IsActive>Y</IsActive>
            <JP_MatrixWindow_ID reference="uuid" reference-key="JP_MatrixWindow">2c566728-c7d0-4e1c-adaa-3212b41826f7</JP_MatrixWindow_ID>
            <AD_Field_ID reference="uuid" reference-key="AD_Field">772222d5-711d-4320-9fa3-a9faf0d7767b</AD_Field_ID>
            <SeqNo>10</SeqNo>
            <Description/>
            <IsMandatory>Y</IsMandatory>
            <DefaultValue>@#AD_User_ID@</DefaultValue>
            <XPosition>1</XPosition>
            <ColumnSpan>2</ColumnSpan>
            <AD_Tab_ID reference="uuid" reference-key="AD_Tab">fe9f25d3-1c74-4922-8e01-cbc45b0168e4</AD_Tab_ID>
        </JP_MatrixSearch>
        <JP_MatrixSearch type="table">
            <AD_Client_ID>0</AD_Client_ID>
            <AD_Org_ID>0</AD_Org_ID>
            <JP_MatrixSearch_UU>93cb32ae-c141-4411-a0ac-6ba27c14704d</JP_MatrixSearch_UU>
            <IsActive>Y</IsActive>
            <JP_MatrixWindow_ID reference="uuid" reference-key="JP_MatrixWindow">2c566728-c7d0-4e1c-adaa-3212b41826f7</JP_MatrixWindow_ID>
            <AD_Field_ID reference="uuid" reference-key="AD_Field">a36f8122-0c48-4689-89cb-ced52e3143bf</AD_Field_ID>
            <SeqNo>20</SeqNo>
            <Description/>
            <IsMandatory>N</IsMandatory>
            <DefaultValue/>
            <XPosition>4</XPosition>
            <ColumnSpan>2</ColumnSpan>
            <AD_Tab_ID reference="uuid" reference-key="AD_Tab">fe9f25d3-1c74-4922-8e01-cbc45b0168e4</AD_Tab_ID>
        </JP_MatrixSearch>
        <JP_MatrixSearch type="table">
            <AD_Client_ID>0</AD_Client_ID>
            <AD_Org_ID>0</AD_Org_ID>
            <JP_MatrixSearch_UU>fd2a5a95-8493-4bbb-98bf-05a632db5fb3</JP_MatrixSearch_UU>
            <IsActive>Y</IsActive>
            <JP_MatrixWindow_ID reference="uuid" reference-key="JP_MatrixWindow">2c566728-c7d0-4e1c-adaa-3212b41826f7</JP_MatrixWindow_ID>
            <AD_Field_ID reference="uuid" reference-key="AD_Field">82a9352a-28c3-479d-aaf7-abafa9e8234c</AD_Field_ID>
            <SeqNo>30</SeqNo>
            <Description/>
            <IsMandatory>N</IsMandatory>
            <DefaultValue/>
            <XPosition>6</XPosition>
            <ColumnSpan>2</ColumnSpan>
            <AD_Tab_ID reference="uuid" reference-key="AD_Tab">fe9f25d3-1c74-4922-8e01-cbc45b0168e4</AD_Tab_ID>
        </JP_MatrixSearch>
        <JP_MatrixSearch type="table">
            <AD_Client_ID>0</AD_Client_ID>
            <AD_Org_ID>0</AD_Org_ID>
            <JP_MatrixSearch_UU>f202c16b-1bec-45e3-b845-271824d0d0fb</JP_MatrixSearch_UU>
            <IsActive>Y</IsActive>
            <JP_MatrixWindow_ID reference="uuid" reference-key="JP_MatrixWindow">2c566728-c7d0-4e1c-adaa-3212b41826f7</JP_MatrixWindow_ID>
            <AD_Field_ID reference="uuid" reference-key="AD_Field">741e4f79-2658-40f9-8f4e-fcba098b0dbe</AD_Field_ID>
            <SeqNo>70</SeqNo>
            <Description/>
            <IsMandatory>N</IsMandatory>
            <DefaultValue/>
            <XPosition>1</XPosition>
            <ColumnSpan>2</ColumnSpan>
            <AD_Tab_ID reference="uuid" reference-key="AD_Tab">fe9f25d3-1c74-4922-8e01-cbc45b0168e4</AD_Tab_ID>
        </JP_MatrixSearch>
        <JP_MatrixSearch type="table">
            <AD_Client_ID>0</AD_Client_ID>
            <AD_Org_ID>0</AD_Org_ID>
            <JP_MatrixSearch_UU>eec95ce9-9d93-44d3-b36a-771397484414</JP_MatrixSearch_UU>
            <IsActive>Y</IsActive>
            <JP_MatrixWindow_ID reference="uuid" reference-key="JP_MatrixWindow">2c566728-c7d0-4e1c-adaa-3212b41826f7</JP_MatrixWindow_ID>
            <AD_Field_ID reference="uuid" reference-key="AD_Field">4b3e1185-4fbf-474e-ab93-a78cfb4bcff2</AD_Field_ID>
            <SeqNo>80</SeqNo>
            <Description/>
            <IsMandatory>N</IsMandatory>
            <DefaultValue/>
            <XPosition>4</XPosition>
            <ColumnSpan>2</ColumnSpan>
            <AD_Tab_ID reference="uuid" reference-key="AD_Tab">fe9f25d3-1c74-4922-8e01-cbc45b0168e4</AD_Tab_ID>
        </JP_MatrixSearch>
        <JP_MatrixSearch type="table">
            <AD_Client_ID>0</AD_Client_ID>
            <AD_Org_ID>0</AD_Org_ID>
            <JP_MatrixSearch_UU>f83139ce-35f4-4a23-be46-c0957221243b</JP_MatrixSearch_UU>
            <IsActive>Y</IsActive>
            <JP_MatrixWindow_ID reference="uuid" reference-key="JP_MatrixWindow">2c566728-c7d0-4e1c-adaa-3212b41826f7</JP_MatrixWindow_ID>
            <AD_Field_ID reference="uuid" reference-key="AD_Field">90087054-4b0f-4cf1-b1ed-a6bed4cb4a71</AD_Field_ID>
            <SeqNo>90</SeqNo>
            <Description/>
            <IsMandatory>N</IsMandatory>
            <DefaultValue/>
            <XPosition>6</XPosition>
            <ColumnSpan>2</ColumnSpan>
            <AD_Tab_ID reference="uuid" reference-key="AD_Tab">fe9f25d3-1c74-4922-8e01-cbc45b0168e4</AD_Tab_ID>
        </JP_MatrixSearch>
        <JP_MatrixSearch type="table">
            <AD_Client_ID>0</AD_Client_ID>
            <AD_Org_ID>0</AD_Org_ID>
            <JP_MatrixSearch_UU>7f61b82f-4c39-440f-8541-be9e346812e3</JP_MatrixSearch_UU>
            <IsActive>Y</IsActive>
            <JP_MatrixWindow_ID reference="uuid" reference-key="JP_MatrixWindow">2c566728-c7d0-4e1c-adaa-3212b41826f7</JP_MatrixWindow_ID>
            <AD_Field_ID reference="uuid" reference-key="AD_Field">26a6012f-f1a4-4aa8-a516-bf5fc99845a5</AD_Field_ID>
            <SeqNo>40</SeqNo>
            <Description/>
            <IsMandatory>N</IsMandatory>
            <DefaultValue/>
            <XPosition>1</XPosition>
            <ColumnSpan>2</ColumnSpan>
            <AD_Tab_ID reference="uuid" reference-key="AD_Tab">fe9f25d3-1c74-4922-8e01-cbc45b0168e4</AD_Tab_ID>
        </JP_MatrixSearch>
        <JP_MatrixSearch type="table">
            <AD_Client_ID>0</AD_Client_ID>
            <AD_Org_ID>0</AD_Org_ID>
            <JP_MatrixSearch_UU>801bb24c-11b3-4f2b-8326-01d43d35adc9</JP_MatrixSearch_UU>
            <IsActive>Y</IsActive>
            <JP_MatrixWindow_ID reference="uuid" reference-key="JP_MatrixWindow">2c566728-c7d0-4e1c-adaa-3212b41826f7</JP_MatrixWindow_ID>
            <AD_Field_ID reference="uuid" reference-key="AD_Field">eab2c2f6-17b5-49b4-a80c-05b255606d4b</AD_Field_ID>
            <SeqNo>50</SeqNo>
            <Description/>
            <IsMandatory>N</IsMandatory>
            <DefaultValue>%%</DefaultValue>
            <XPosition>4</XPosition>
            <ColumnSpan>2</ColumnSpan>
            <AD_Tab_ID reference="uuid" reference-key="AD_Tab">fe9f25d3-1c74-4922-8e01-cbc45b0168e4</AD_Tab_ID>
        </JP_MatrixSearch>
    </JP_MatrixWindow>
</idempiere>
